track,lat,lon,elevation
Via Patakbanteng 001,-7.2095682,109.92543491,1996.0
Via Patakbanteng 001,-7.20963978,109.92544999,1996.0
Via Patakbanteng 001,-7.20969837,109.92545268,1996.0
Via Patakbanteng 001,-7.20973433,109.92541647,1996.0
Via Patakbanteng 001,-7.20969544,109.92536073,1996.0
Via Patakbanteng 001,-7.20953568,109.92536198,1996.0
Via Patakbanteng 001,-7.20934281,109.92537397,1996.0
Via Patakbanteng 001,-7.20928028,109.92537003,1996.0
Via Patakbanteng 001,-7.20928431,109.92542233,1996.0
Via Patakbanteng 001,-7.20929763,109.92554437,1996.0
Via Patakbanteng 001,-7.20931356,109.9256463,1996.0
Via Patakbanteng 001,-7.20931088,109.92568376,1996.0
Via Patakbanteng 001,-7.20926427,109.92571604,1996.0
Via Patakbanteng 001,-7.20922572,109.92574822,1996.0
Via Patakbanteng 001,-7.20918984,109.92579382,1996.0
Via Patakbanteng 001,-7.20921909,109.92584067,1996.0
Via Patakbanteng 001,-7.20929889,109.92592122,1996.0
Via Patakbanteng 001,-7.20935882,109.92602449,1996.0
Via Patakbanteng 001,-7.20938807,109.92610898,1996.0
Via Patakbanteng 001,-7.20939604,109.92620554,1996.0
Via Patakbanteng 001,-7.20935396,109.92627804,1996.0
Via Patakbanteng 001,-7.20931356,109.92633831,1996.0
Via Patakbanteng 001,-7.20925631,109.92641207,1996.0
Via Patakbanteng 001,-7.20922437,109.92648583,1996.0
Via Patakbanteng 001,-7.20911658,109.92657426,1996.0
Via Patakbanteng 001,-7.20914718,109.92662933,1996.0
Via Patakbanteng 001,-7.20911801,109.92667761,1996.0
Via Patakbanteng 001,-7.20908197,109.92673393,1996.0
Via Patakbanteng 001,-7.20903813,109.92681038,1996.0
Via Patakbanteng 001,-7.20900091,109.92687207,1996.0
Via Patakbanteng 001,-7.20897426,109.92691758,1996.0
Via Patakbanteng 001,-7.20895431,109.92697927,1996.0
Via Patakbanteng 001,-7.20895029,109.92706376,1996.0
Via Patakbanteng 001,-7.20895833,109.92715898,2065.0
Via Patakbanteng 001,-7.20895699,109.92724221,2065.0
Via Patakbanteng 001,-7.2089756,109.9273267,2065.0
Via Patakbanteng 001,-7.20900351,109.9273951,2065.0
Via Patakbanteng 001,-7.20902883,109.9274407,2065.0
Via Patakbanteng 001,-7.2090528,109.92746877,2065.0
Via Patakbanteng 001,-7.2090927,109.92750909,2065.0
Via Patakbanteng 001,-7.2091486,109.92754128,2065.0
Via Patakbanteng 001,-7.20919906,109.92760163,2065.0
Via Patakbanteng 001,-7.20924566,109.92765787,2065.0
Via Patakbanteng 001,-7.20927902,109.92771294,2065.0
Via Patakbanteng 001,-7.20931892,109.92780011,2065.0
Via Patakbanteng 001,-7.20936276,109.92791679,2065.0
Via Patakbanteng 001,-7.209404,109.92799591,2065.0
Via Patakbanteng 001,-7.20946116,109.92809381,2065.0
Via Patakbanteng 001,-7.20949184,109.92819968,2065.0
Via Patakbanteng 001,-7.20951581,109.92828023,2065.0
Via Patakbanteng 001,-7.20953442,109.92833387,2065.0
Via Patakbanteng 001,-7.20952914,109.92839816,2065.0
Via Patakbanteng 001,-7.20951841,109.92846387,2065.0
Via Patakbanteng 001,-7.20951179,109.92852297,2065.0
Via Patakbanteng 001,-7.20952244,109.92857259,2065.0
Via Patakbanteng 001,-7.20954498,109.92865398,2065.0
Via Patakbanteng 001,-7.20957298,109.9287818,2065.0
Via Patakbanteng 001,-7.20957432,109.9288797,2065.0
Via Patakbanteng 001,-7.20959159,109.92897618,2065.0
Via Patakbanteng 001,-7.20959502,109.92909403,2065.0
Via Patakbanteng 001,-7.20959804,109.929176,2074.0
Via Patakbanteng 001,-7.20961958,109.9293102,2074.0
Via Patakbanteng 001,-7.2096169,109.92937993,2074.0
Via Patakbanteng 001,-7.20959561,109.92938798,2074.0
Via Patakbanteng 001,-7.20954766,109.92938798,2074.0
Via Patakbanteng 001,-7.20951799,109.92939603,2074.0
Via Patakbanteng 001,-7.20947399,109.92940701,2074.0
Via Patakbanteng 001,-7.20945002,109.92939301,2074.0
Via Patakbanteng 001,-7.20945404,109.929348,2074.0
Via Patakbanteng 001,-7.20944197,109.92932302,2074.0
Via Patakbanteng 001,-7.20938137,109.92930349,2074.0
Via Patakbanteng 001,-7.2093242,109.92930877,2074.0
Via Patakbanteng 001,-7.2092657,109.9292941,2074.0
Via Patakbanteng 001,-7.20922572,109.92927801,2074.0
Via Patakbanteng 001,-7.20919512,109.92925923,2074.0
Via Patakbanteng 001,-7.20915388,109.92920693,2074.0
Via Patakbanteng 001,-7.20912061,109.92918011,2074.0
Via Patakbanteng 001,-7.20909529,109.92916267,2065.0
Via Patakbanteng 001,-7.2090222,109.92913987,2065.0
Via Patakbanteng 001,-7.20896001,109.92912898,2065.0
Via Patakbanteng 001,-7.20890603,109.92911004,2065.0
Via Patakbanteng 001,-7.20885046,109.9290983,2065.0
Via Patakbanteng 001,-7.20880528,109.92908757,2065.0
Via Patakbanteng 001,-7.20873739,109.92908078,2065.0
Via Patakbanteng 001,-7.20869347,109.92907014,2065.0
Via Patakbanteng 001,-7.20865097,109.92906209,2065.0
Via Patakbanteng 001,-7.20863001,109.92903602,2065.0
Via Patakbanteng 001,-7.20859112,109.92903661,2065.0
Via Patakbanteng 001,-7.20854192,109.92902722,2065.0
Via Patakbanteng 001,-7.20849398,109.92902848,2065.0
Via Patakbanteng 001,-7.20840882,109.92902454,2065.0
Via Patakbanteng 001,-7.2083436,109.92903116,2065.0
Via Patakbanteng 001,-7.20830371,109.92904063,2128.0
Via Patakbanteng 001,-7.20827437,109.92904868,2128.0
Via Patakbanteng 001,-7.20823447,109.92906067,2128.0
Via Patakbanteng 001,-7.20819063,109.92906343,2128.0
Via Patakbanteng 001,-7.2081494,109.92905807,2128.0
Via Patakbanteng 001,-7.20808678,109.929046,2128.0
Via Patakbanteng 001,-7.208023,109.92904197,2128.0
Via Patakbanteng 001,-7.2079551,109.92904868,2128.0
Via Patakbanteng 001,-7.20791386,109.92904868,2128.0
Via Patakbanteng 001,-7.20787128,109.92904063,2128.0
Via Patakbanteng 001,-7.20781672,109.92900836,2128.0
Via Patakbanteng 001,-7.20776877,109.92897618,2128.0
Via Patakbanteng 001,-7.20771303,109.92895078,2128.0
Via Patakbanteng 001,-7.20766643,109.928932,2128.0
Via Patakbanteng 001,-7.20762779,109.92892262,2128.0
Via Patakbanteng 001,-7.20757716,109.92893058,2128.0
Via Patakbanteng 001,-7.20753727,109.92893603,2128.0
Via Patakbanteng 001,-7.20748278,109.92894407,2128.0
Via Patakbanteng 001,-7.20742688,109.92896151,2128.0
Via Patakbanteng 001,-7.20737097,109.92899898,2128.0
Via Patakbanteng 001,-7.20734172,109.92903929,2128.0
Via Patakbanteng 001,-7.20731246,109.92910501,2128.0
Via Patakbanteng 001,-7.20729779,109.92916267,2128.0
Via Patakbanteng 001,-7.20725127,109.92920148,2193.0
Via Patakbanteng 001,-7.20721674,109.92925119,2193.0
Via Patakbanteng 001,-7.20715681,109.92930877,2193.0
Via Patakbanteng 001,-7.20710887,109.92933702,2193.0
Via Patakbanteng 001,-7.20704642,109.92939997,2193.0
Via Patakbanteng 001,-7.20701801,109.92947197,2193.0
Via Patakbanteng 001,-7.20699311,109.9295583,2193.0
Via Patakbanteng 001,-7.20697719,109.92962401,2193.0
Via Patakbanteng 001,-7.20697719,109.92970037,2193.0
Via Patakbanteng 001,-7.20698121,109.92976617,2193.0
Via Patakbanteng 001,-7.20697719,109.92980238,2193.0
Via Patakbanteng 001,-7.20696386,109.92983717,2193.0
Via Patakbanteng 001,-7.20692396,109.92988276,2193.0
Via Patakbanteng 001,-7.20688138,109.92990699,2193.0
Via Patakbanteng 001,-7.20683604,109.92994596,2193.0
Via Patakbanteng 001,-7.20681894,109.92999952,2193.0
Via Patakbanteng 001,-7.20680553,109.93004378,2193.0
Via Patakbanteng 001,-7.20677359,109.9300934,2193.0
Via Patakbanteng 001,-7.20671643,109.93012416,2193.0
Via Patakbanteng 001,-7.20667996,109.93016004,2193.0
Via Patakbanteng 001,-7.20664719,109.93020739,2193.0
Via Patakbanteng 001,-7.20659598,109.93024603,2193.0
Via Patakbanteng 001,-7.20654736,109.9302825,2193.0
Via Patakbanteng 001,-7.20647704,109.93033002,2193.0
Via Patakbanteng 001,-7.20643303,109.93035617,2193.0
Via Patakbanteng 001,-7.20638107,109.93038174,2193.0
Via Patakbanteng 001,-7.20634251,109.93042457,2193.0
Via Patakbanteng 001,-7.20630261,109.93045818,2193.0
Via Patakbanteng 001,-7.20626137,109.93049297,2193.0
Via Patakbanteng 001,-7.20621753,109.93054267,2226.0
Via Patakbanteng 001,-7.20610438,109.93057888,2226.0
Via Patakbanteng 001,-7.20612827,109.93062582,2226.0
Via Patakbanteng 001,-7.20610438,109.93067008,2226.0
Via Patakbanteng 001,-7.20609373,109.93071157,2226.0
Via Patakbanteng 001,-7.20608971,109.93075322,2226.0
Via Patakbanteng 001,-7.20606976,109.93078541,2226.0
Via Patakbanteng 001,-7.20605509,109.93081491,2226.0
Via Patakbanteng 001,-7.20603246,109.93084978,2226.0
Via Patakbanteng 001,-7.20600321,109.93088599,2226.0
Via Patakbanteng 001,-7.20596197,109.93091684,2226.0
Via Patakbanteng 001,-7.20592082,109.93094902,2226.0
Via Patakbanteng 001,-7.20588477,109.93097048,2226.0
Via Patakbanteng 001,-7.20586491,109.93101072,2226.0
Via Patakbanteng 001,-7.20582501,109.93103217,2226.0
Via Patakbanteng 001,-7.20579442,109.93104961,2226.0
Via Patakbanteng 001,-7.20576114,109.93108582,2226.0
Via Patakbanteng 001,-7.20570917,109.931118,2226.0
Via Patakbanteng 001,-7.20567296,109.93114902,2226.0
Via Patakbanteng 001,-7.20563072,109.93119311,2226.0
Via Patakbanteng 001,-7.20559744,109.93121322,2226.0
Via Patakbanteng 001,-7.20554162,109.93123468,2226.0
Via Patakbanteng 001,-7.20548697,109.93125211,2295.0
Via Patakbanteng 001,-7.20545369,109.93128162,2295.0
Via Patakbanteng 001,-7.20542452,109.93129897,2295.0
Via Patakbanteng 001,-7.20539502,109.93131498,2295.0
Via Patakbanteng 001,-7.20527801,109.93134499,2295.0
Via Patakbanteng 001,-7.20520098,109.93136401,2295.0
Via Patakbanteng 001,-7.2051278,109.93139561,2295.0
Via Patakbanteng 001,-7.20506519,109.93143048,2295.0
Via Patakbanteng 001,-7.20497299,109.931462,2295.0
Via Patakbanteng 001,-7.20489889,109.93149351,2295.0
Via Patakbanteng 001,-7.20483243,109.93151086,2295.0
Via Patakbanteng 001,-7.2047699,109.9315257,2295.0
Via Patakbanteng 001,-7.20472497,109.93155001,2295.0
Via Patakbanteng 001,-7.20468197,109.9315941,2295.0
Via Patakbanteng 001,-7.20464082,109.9316236,2295.0
Via Patakbanteng 001,-7.20459958,109.93164103,2295.0
Via Patakbanteng 001,-7.20443596,109.93172402,2295.0
Via Patakbanteng 001,-7.20436161,109.93181563,2295.0
Via Patakbanteng 001,-7.20427117,109.93186391,2295.0
Via Patakbanteng 001,-7.20420202,109.93192828,2295.0
Via Patakbanteng 001,-7.20411418,109.93200598,2375.0
Via Patakbanteng 001,-7.20405299,109.93208377,2375.0
Via Patakbanteng 001,-7.20401837,109.93214554,2375.0
Via Patakbanteng 001,-7.20391603,109.93223598,2375.0
Via Patakbanteng 001,-7.20386398,109.93234126,2375.0
Via Patakbanteng 001,-7.20376558,109.9324084,2375.0
Via Patakbanteng 001,-7.20366977,109.93247537,2375.0
Via Patakbanteng 001,-7.20358201,109.9325291,2375.0
Via Patakbanteng 001,-7.20349149,109.93260688,2375.0
Via Patakbanteng 001,-7.20344304,109.93269699,2375.0
Via Patakbanteng 001,-7.20338504,109.93276513,2375.0
Via Patakbanteng 001,-7.20336501,109.93279698,2375.0
Via Patakbanteng 001,-7.20336702,109.932828,2375.0
Via Patakbanteng 001,-7.203378,109.93284501,2375.0
Via Patakbanteng 001,-7.20337037,109.93286437,2375.0
Via Patakbanteng 001,-7.203364,109.93287401,2375.0
Via Patakbanteng 001,-7.20335579,109.93290586,2375.0
Via Patakbanteng 001,-7.20334799,109.93291701,2375.0
Via Patakbanteng 001,-7.203349,109.93292699,2375.0
Via Patakbanteng 001,-7.20332301,109.93293998,2375.0
Via Patakbanteng 001,-7.20330901,109.93295297,2375.0
Via Patakbanteng 001,-7.20330256,109.932973,2375.0
Via Patakbanteng 001,-7.20330901,109.93298398,2375.0
Via Patakbanteng 001,-7.20330256,109.9330186,2375.0
Via Patakbanteng 001,-7.20330097,109.933044,2375.0
Via Patakbanteng 001,-7.20331052,109.9330642,2375.0
Via Patakbanteng 001,-7.20332653,109.93308029,2375.0
Via Patakbanteng 001,-7.20334799,109.93310804,2375.0
Via Patakbanteng 001,-7.20335,109.93312798,2375.0
Via Patakbanteng 001,-7.2033345,109.93315271,2375.0
Via Patakbanteng 001,-7.20332377,109.93317677,2375.0
Via Patakbanteng 001,-7.20332804,109.93320803,2375.0
Via Patakbanteng 001,-7.20333902,109.93323603,2375.0
Via Patakbanteng 001,-7.20332704,109.93326201,2375.0
Via Patakbanteng 001,-7.20331321,109.93328682,2375.0
Via Patakbanteng 001,-7.20329594,109.93330694,2375.0
Via Patakbanteng 001,-7.20328697,109.93332404,2375.0
Via Patakbanteng 001,-7.20324674,109.93333368,2523.0
Via Patakbanteng 001,-7.20322603,109.93334097,2523.0
Via Patakbanteng 001,-7.20322897,109.93336301,2523.0
Via Patakbanteng 001,-7.20324397,109.93338003,2523.0
Via Patakbanteng 001,-7.20325897,109.93338598,2523.0
Via Patakbanteng 001,-7.20327096,109.93339604,2523.0
Via Patakbanteng 001,-7.20325068,109.93341146,2523.0
Via Patakbanteng 001,-7.20324297,109.93342001,2523.0
Via Patakbanteng 001,-7.20325696,109.93344096,2523.0
Via Patakbanteng 001,-7.20324003,109.93346653,2523.0
Via Patakbanteng 001,-7.20321078,109.93348388,2523.0
Via Patakbanteng 001,-7.20319997,109.93348899,2523.0
Via Patakbanteng 001,-7.20318278,109.93347994,2523.0
Via Patakbanteng 001,-7.20317197,109.93349704,2523.0
Via Patakbanteng 001,-7.20319083,109.93351749,2523.0
Via Patakbanteng 001,-7.20319611,109.933547,2523.0
Via Patakbanteng 001,-7.203177,109.93357499,2523.0
Via Patakbanteng 001,-7.20318496,109.93361204,2523.0
Via Patakbanteng 001,-7.20319611,109.9336677,2523.0
Via Patakbanteng 001,-7.20320198,109.93369502,2523.0
Via Patakbanteng 001,-7.20317876,109.93370793,2523.0
Via Patakbanteng 001,-7.20315998,109.93370902,2523.0
Via Patakbanteng 001,-7.20314289,109.93373198,2523.0
Via Patakbanteng 001,-7.20313358,109.93375621,2523.0
Via Patakbanteng 001,-7.20309796,109.93378202,2523.0
Via Patakbanteng 001,-7.20306602,109.93381203,2523.0
Via Patakbanteng 001,-7.20304708,109.93383667,2523.0
Via Patakbanteng 001,-7.20302311,109.93387691,2523.0
Via Patakbanteng 001,-7.20300098,109.93394002,2523.0
Via Patakbanteng 001,-7.20298002,109.933994,2523.0
Via Patakbanteng 001,-7.20295262,109.93403507,2523.0
Via Patakbanteng 001,-7.20293267,109.93407807,2523.0
Via Patakbanteng 001,-7.202918,109.93413297,2523.0
Via Patakbanteng 001,-7.2029061,109.9341867,2523.0
Via Patakbanteng 001,-7.20289411,109.93425367,2523.0
Via Patakbanteng 001,-7.20290207,109.93431268,2523.0
Via Patakbanteng 001,-7.20291398,109.93436767,2523.0
Via Patakbanteng 001,-7.20293669,109.93440262,2523.0
Via Patakbanteng 001,-7.2029247,109.93445618,2523.0
Via Patakbanteng 001,-7.20290073,109.93450723,2523.0
Via Patakbanteng 001,-7.20283686,109.93455408,2523.0
Via Patakbanteng 001,-7.20281289,109.93457562,2523.0
Via Patakbanteng 001,-7.20277173,109.93459842,2523.0
Via Patakbanteng 001,-7.20273896,109.93463103,2523.0
Via Patakbanteng 001,-7.20269579,109.93468157,2523.0
Via Patakbanteng 001,-7.2026626,109.93473924,2523.0
Via Patakbanteng 001,-7.20264534,109.9347674,2523.0
Via Patakbanteng 001,-7.20263461,109.934813,2523.0
Via Patakbanteng 001,-7.20262002,109.934857,2523.0
Via Patakbanteng 001,-7.20261868,109.93492029,2523.0
Via Patakbanteng 001,-7.20260804,109.93494568,2523.0
Via Patakbanteng 001,-7.20258943,109.93502079,2523.0
Via Patakbanteng 001,-7.20254299,109.93508197,2523.0
Via Patakbanteng 001,-7.20250821,109.93510134,2523.0
Via Patakbanteng 001,-7.20246303,109.93512279,2523.0
Via Patakbanteng 001,-7.20242707,109.93515758,2523.0
Via Patakbanteng 001,-7.20238323,109.93519924,2523.0
Via Patakbanteng 001,-7.20230469,109.93525816,2523.0
Via Patakbanteng 001,-7.20224611,109.93528641,2523.0
Via Patakbanteng 001,-7.20218232,109.93530376,2523.0
Via Patakbanteng 001,-7.20211837,109.93533603,2523.0
Via Patakbanteng 001,-7.20208107,109.93535078,2585.0
Via Patakbanteng 001,-7.20203991,109.93535883,2585.0
Via Patakbanteng 001,-7.20200001,109.93536947,2585.0
Via Patakbanteng 001,-7.20194411,109.93536151,2585.0
Via Patakbanteng 001,-7.20187764,109.93534139,2585.0
Via Patakbanteng 001,-7.20178183,109.93535749,2585.0
Via Patakbanteng 001,-7.20171134,109.93537358,2585.0
Via Dieng 001,-7.20161109,109.91306732,2120.0
Via Dieng 001,-7.20160204,109.91303866,2120.0
Via Dieng 001,-7.20152887,109.9130566,2120.0
Via Dieng 001,-7.20141655,109.91313622,2120.0
Via Dieng 001,-7.20134597,109.91319154,2120.0
Via Dieng 001,-7.20126945,109.91328551,2120.0
Via Dieng 001,-7.20122779,109.91333404,2120.0
Via Dieng 001,-7.20114254,109.91341853,2120.0
Via Dieng 001,-7.20107624,109.91352229,2120.0
Via Dieng 001,-7.20106417,109.91353545,2120.0
Via Dieng 001,-7.20104867,109.91353059,2120.0
Via Dieng 001,-7.20101246,109.91363327,2120.0
Via Dieng 001,-7.20100575,109.91365439,2120.0
Via Dieng 001,-7.20100315,109.91364165,2120.0
Via Dieng 001,-7.20099217,109.91367007,2120.0
Via Dieng 001,-7.20101313,109.9136414,2120.0
Via Dieng 001,-7.20100391,109.91364291,2120.0
Via Dieng 001,-7.2010029,109.91364542,2120.0
Via Dieng 001,-7.20099167,109.913659,2120.0
Via Dieng 001,-7.20100399,109.91366303,2120.0
Via Dieng 001,-7.2010117,109.91367887,2120.0
Via Dieng 001,-7.20098396,109.91367267,2120.0
Via Dieng 001,-7.20094942,109.91376143,2120.0
Via Dieng 001,-7.20091724,109.91383192,2120.0
Via Dieng 001,-7.20089343,109.91386813,2120.0
Via Dieng 001,-7.20084691,109.91395304,2120.0
Via Dieng 001,-7.20082571,109.91399528,2120.0
Via Dieng 001,-7.20077667,109.91409109,2120.0
Via Dieng 001,-7.20076611,109.91415295,2120.0
Via Dieng 001,-7.20070861,109.91426879,2120.0
Via Dieng 001,-7.20067995,109.91435076,2120.0
Via Dieng 001,-7.20067668,109.91440633,2120.0
Via Dieng 001,-7.2006553,109.9144666,2120.0
Via Dieng 001,-7.20065011,109.91448001,2120.0
Via Dieng 001,-7.20064273,109.91450968,2120.0
Via Dieng 001,-7.20061046,109.91457037,2120.0
Via Dieng 001,-7.20059579,109.91465972,2131.0
Via Dieng 001,-7.20055799,109.9147406,2131.0
Via Dieng 001,-7.2005129,109.91481914,2131.0
Via Dieng 001,-7.20043972,109.9149017,2131.0
Via Dieng 001,-7.20041952,109.91493733,2131.0
Via Dieng 001,-7.20036831,109.91500229,2131.0
Via Dieng 001,-7.2003067,109.91509516,2131.0
Via Dieng 001,-7.20027443,109.91517604,2131.0
Via Dieng 001,-7.20020461,109.91524628,2131.0
Via Dieng 001,-7.20010579,109.91535349,2131.0
Via Dieng 001,-7.20005466,109.91540604,2131.0
Via Dieng 001,-7.19999632,109.91547586,2131.0
Via Dieng 001,-7.19994963,109.91556932,2131.0
Via Dieng 001,-7.19991703,109.91567351,2131.0
Via Dieng 001,-7.19986866,109.9157932,2131.0
Via Dieng 001,-7.19978736,109.91592036,2131.0
Via Dieng 001,-7.19970907,109.9160346,2131.0
Via Dieng 001,-7.19965769,109.91613124,2131.0
Via Dieng 001,-7.19960145,109.91623912,2131.0
Via Dieng 001,-7.1995421,109.91631598,2131.0
Via Dieng 001,-7.19944647,109.91641288,2131.0
Via Dieng 001,-7.1993116,109.9165231,2131.0
Via Dieng 001,-7.19927003,109.91655394,2131.0
Via Dieng 001,-7.19918001,109.91663164,2131.0
Via Dieng 001,-7.19908227,109.9167365,2155.0
Via Dieng 001,-7.19896283,109.91684413,2155.0
Via Dieng 001,-7.19888111,109.91692258,2155.0
Via Dieng 001,-7.19875538,109.91700791,2155.0
Via Dieng 001,-7.19868204,109.91705108,2155.0
Via Dieng 001,-7.19859922,109.91707547,2155.0
Via Dieng 001,-7.19854784,109.91709206,2155.0
Via Dieng 001,-7.19844039,109.91713439,2155.0
Via Dieng 001,-7.19842848,109.91714336,2155.0
Via Dieng 001,-7.19833913,109.91717446,2155.0
Via Dieng 001,-7.19828524,109.91719617,2155.0
Via Dieng 001,-7.19823486,109.91722852,2155.0
Via Dieng 001,-7.19819522,109.91724604,2155.0
Via Dieng 001,-7.19814492,109.91724813,2155.0
Via Dieng 001,-7.19808734,109.9172473,2155.0
Via Dieng 001,-7.19803277,109.91725157,2155.0
Via Dieng 001,-7.19802791,109.91725199,2155.0
Via Dieng 001,-7.197985,109.9172276,2155.0
Via Dieng 001,-7.19797435,109.91722366,2155.0
Via Dieng 001,-7.19789917,109.91722659,2225.0
Via Dieng 001,-7.19784879,109.91719617,2225.0
Via Dieng 001,-7.19780219,109.91716297,2225.0
Via Dieng 001,-7.1977187,109.91720639,2225.0
Via Dieng 001,-7.19771275,109.91724034,2225.0
Via Dieng 001,-7.19771803,109.91727571,2225.0
Via Dieng 001,-7.19766498,109.917369,2225.0
Via Dieng 001,-7.19760253,109.91740379,2225.0
Via Dieng 001,-7.1975535,109.9174027,2225.0
Via Dieng 001,-7.19754,109.91740253,2225.0
Via Dieng 001,-7.19754243,109.91741309,2225.0
Via Dieng 001,-7.19754662,109.91740848,2225.0
Via Dieng 001,-7.19751419,109.91738048,2225.0
Via Dieng 001,-7.19742567,109.91737445,2225.0
Via Dieng 001,-7.1973318,109.91734017,2225.0
Via Dieng 001,-7.19725074,109.91731661,2225.0
Via Dieng 001,-7.19715175,109.91729968,2225.0
Via Dieng 001,-7.19712049,109.91728853,2225.0
Via Dieng 001,-7.19705469,109.91728216,2225.0
Via Dieng 001,-7.19697691,109.91727026,2225.0
Via Dieng 001,-7.19685285,109.91726305,2225.0
Via Dieng 001,-7.19677792,109.91719357,2225.0
Via Dieng 001,-7.19666694,109.9171183,2225.0
Via Dieng 001,-7.19662252,109.91706834,2225.0
Via Dieng 001,-7.19653065,109.9169121,2225.0
Via Dieng 001,-7.19645061,109.91676852,2225.0
Via Dieng 001,-7.19640685,109.91667758,2225.0
Via Dieng 001,-7.19635606,109.91654766,2165.0
Via Dieng 001,-7.19635262,109.91652285,2165.0
Via Dieng 001,-7.19632387,109.91648446,2165.0
Via Dieng 001,-7.19630686,109.91649142,2165.0
Via Dieng 001,-7.19630778,109.91647851,2165.0
Via Dieng 001,-7.1963139,109.91649619,2165.0
Via Dieng 001,-7.19634541,109.91649326,2165.0
Via Dieng 001,-7.19632479,109.91648949,2165.0
Via Dieng 001,-7.19632102,109.91649368,2165.0
Via Dieng 001,-7.19631071,109.91648764,2165.0
Via Dieng 001,-7.19631474,109.91650893,2165.0
Via Dieng 001,-7.1963263,109.91652234,2165.0
Via Dieng 001,-7.19623595,109.91656434,2165.0
Via Dieng 001,-7.1961497,109.91660801,2165.0
Via Dieng 001,-7.19603688,109.91671094,2225.0
Via Dieng 001,-7.1959005,109.9167909,2225.0
Via Dieng 001,-7.19582213,109.91683759,2272.0
Via Dieng 001,-7.19581408,109.91683952,2272.0
Via Dieng 001,-7.19571568,109.91685737,2272.0
Via Dieng 001,-7.19566187,109.91688947,2272.0
Via Dieng 001,-7.19560856,109.9168743,2272.0
Via Dieng 001,-7.19551921,109.91684295,2272.0
Via Dieng 001,-7.19545852,109.9168261,2272.0
Via Dieng 001,-7.19540714,109.91681781,2272.0
Via Dieng 001,-7.19531897,109.91682082,2272.0
Via Dieng 001,-7.19522526,109.91688511,2272.0
Via Dieng 001,-7.19507765,109.91703507,2272.0
Via Dieng 001,-7.19498134,109.91710841,2272.0
Via Dieng 001,-7.19494446,109.91715618,2272.0
Via Dieng 001,-7.19490297,109.91719625,2272.0
Via Dieng 001,-7.19486601,109.91722709,2272.0
Via Dieng 001,-7.19486567,109.91723715,2272.0
Via Dieng 001,-7.1948396,109.91731829,2272.0
Via Dieng 001,-7.19472662,109.91741686,2272.0
Via Dieng 001,-7.19468982,109.91753094,2272.0
Via Dieng 001,-7.19464296,109.91754133,2272.0
Via Dieng 001,-7.1946138,109.91759598,2272.0
Via Dieng 001,-7.19452067,109.91763982,2272.0
Via Dieng 001,-7.19444398,109.91769288,2272.0
Via Dieng 001,-7.19444272,109.91776546,2272.0
Via Dieng 001,-7.1944822,109.91781768,2272.0
Via Dieng 001,-7.1944817,109.91784325,2272.0
Via Dieng 001,-7.19447256,109.9178927,2272.0
Via Dieng 001,-7.19446334,109.9179699,2272.0
Via Dieng 001,-7.19442001,109.91802405,2272.0
Via Dieng 001,-7.19441313,109.91807937,2272.0
Via Dieng 001,-7.19436837,109.91811373,2272.0
Via Dieng 001,-7.19431398,109.91815807,2272.0
Via Dieng 001,-7.19429973,109.91822882,2272.0
Via Dieng 001,-7.19428975,109.91829453,2272.0
Via Dieng 001,-7.19425597,109.91833946,2272.0
Via Dieng 001,-7.19418003,109.91835186,2272.0
Via Dieng 001,-7.19410669,109.91835815,2272.0
Via Dieng 001,-7.19407258,109.9183734,2272.0
Via Dieng 001,-7.19406386,109.91841087,2272.0
Via Dieng 001,-7.1940683,109.91842336,2272.0
Via Dieng 001,-7.19398951,109.91845496,2272.0
Via Dieng 001,-7.19393453,109.91847633,2272.0
Via Dieng 001,-7.19384308,109.91854004,2272.0
Via Dieng 001,-7.19372196,109.9185941,2311.0
Via Dieng 001,-7.19371031,109.91861581,2311.0
Via Dieng 001,-7.19362448,109.91861086,2311.0
Via Dieng 001,-7.19357645,109.91861321,2311.0
Via Dieng 001,-7.19352566,109.91864833,2311.0
Via Dieng 001,-7.1934866,109.91864397,2311.0
Via Dieng 001,-7.19342189,109.9186609,2311.0
Via Dieng 001,-7.19338308,109.91866048,2311.0
Via Dieng 001,-7.19329063,109.9186687,2311.0
Via Dieng 001,-7.1932395,109.9186811,2311.0
Via Dieng 001,-7.19320195,109.91870558,2311.0
Via Dieng 001,-7.19316716,109.91870726,2311.0
Via Dieng 001,-7.19313037,109.91872461,2311.0
Via Dieng 001,-7.19308846,109.91874238,2311.0
Via Dieng 001,-7.19306306,109.91875486,2300.0
Via Dieng 001,-7.19308712,109.91881312,2300.0
Via Dieng 001,-7.19302526,109.918836,2300.0
Via Dieng 001,-7.19296365,109.91885612,2300.0
Via Dieng 001,-7.19291118,109.91886148,2300.0
Via Dieng 001,-7.19286382,109.91880851,2300.0
Via Dieng 001,-7.19277372,109.91879275,2300.0
Via Dieng 001,-7.19278327,109.91883609,2300.0
Via Dieng 001,-7.19271722,109.91883139,2300.0
Via Dieng 001,-7.19269065,109.91881144,2300.0
Via Dieng 001,-7.19269191,109.91881614,2300.0
Via Dieng 001,-7.19268562,109.91882234,2300.0
Via Dieng 001,-7.19265201,109.91880759,2300.0
Via Dieng 001,-7.19262016,109.91878504,2300.0
Via Dieng 001,-7.19252226,109.91877398,2300.0
Via Dieng 001,-7.19243065,109.91877406,2300.0
Via Dieng 001,-7.19236828,109.91871438,2311.0
Via Dieng 001,-7.19233668,109.91867088,2311.0
Via Dieng 001,-7.19229318,109.91862562,2311.0
Via Dieng 001,-7.19222051,109.91856568,2311.0
Via Dieng 001,-7.19214566,109.9185231,2311.0
Via Dieng 001,-7.19213686,109.91849553,2311.0
Via Dieng 001,-7.19213418,109.91844616,2311.0
Via Dieng 001,-7.19210786,109.91840115,2311.0
Via Dieng 001,-7.19206402,109.91836485,2311.0
Via Dieng 001,-7.19201331,109.91831901,2311.0
Via Dieng 001,-7.19199051,109.91829906,2311.0
Via Dieng 001,-7.19192237,109.91825229,2311.0
Via Dieng 001,-7.19190057,109.91820803,2311.0
Via Dieng 001,-7.19187685,109.91819504,2311.0
Via Dieng 001,-7.19182539,109.91816495,2311.0
Via Dieng 001,-7.19175154,109.91814726,2311.0
Via Dieng 001,-7.19173159,109.91815288,2311.0
Via Dieng 001,-7.19166848,109.91813997,2311.0
Via Dieng 001,-7.19149355,109.91809772,2390.0
Via Dieng 001,-7.19142809,109.91805791,2390.0
Via Dieng 001,-7.19141593,109.91803729,2390.0
Via Dieng 001,-7.19134871,109.91804886,2390.0
Via Dieng 001,-7.19127,109.91802824,2390.0
Via Dieng 001,-7.19123078,109.91801768,2390.0
Via Dieng 001,-7.19119566,109.91801625,2390.0
Via Dieng 001,-7.19113061,109.91800779,2390.0
Via Dieng 001,-7.19103296,109.91798968,2390.0
Via Dieng 001,-7.19088737,109.91795439,2390.0
Via Dieng 001,-7.19079316,109.91794081,2390.0
Via Dieng 001,-7.190723,109.91797476,2390.0
Via Dieng 001,-7.19066927,109.9180253,2390.0
Via Dieng 001,-7.19063139,109.91806101,2390.0
Via Dieng 001,-7.19060004,109.9180844,2390.0
Via Dieng 001,-7.1905961,109.91806151,2390.0
Via Dieng 001,-7.19059761,109.91809462,2390.0
Via Dieng 001,-7.1905847,109.91811013,2390.0
Via Dieng 001,-7.19058554,109.91809848,2390.0
Via Dieng 001,-7.19057514,109.91811541,2390.0
Via Dieng 001,-7.19055595,109.91810468,2390.0
Via Dieng 001,-7.19058914,109.9180859,2390.0
Via Dieng 001,-7.19060004,109.91805598,2390.0
Via Dieng 001,-7.1905821,109.91807769,2390.0
Via Dieng 001,-7.19059492,109.91806981,2390.0
Via Dieng 001,-7.19054287,109.91811968,2390.0
Via Dieng 001,-7.19053709,109.91812463,2390.0
Via Dieng 001,-7.19045897,109.91817065,2390.0
Via Dieng 001,-7.19045755,109.91816813,2390.0
Via Dieng 001,-7.19041522,109.91823695,2390.0
Via Dieng 001,-7.19036208,109.91826033,2390.0
Via Dieng 001,-7.19031036,109.91828606,2390.0
Via Dieng 001,-7.19028521,109.91832705,2390.0
Via Dieng 001,-7.1902366,109.91838028,2390.0
Via Dieng 001,-7.19024087,109.91841305,2390.0
Via Dieng 001,-7.19017591,109.91844926,2390.0
Via Dieng 001,-7.19015521,109.91847097,2390.0
Via Dieng 001,-7.19015672,109.91846862,2390.0
Via Dieng 001,-7.19016552,109.91847483,2390.0
Via Dieng 001,-7.1901304,109.91848329,2390.0
Via Dieng 001,-7.19008128,109.91849645,2390.0
Via Dieng 001,-7.19004105,109.9185392,2390.0
Via Dieng 001,-7.18998204,109.91856158,2390.0
Via Dieng 001,-7.18996301,109.91856141,2390.0
Via Dieng 001,-7.18993502,109.91859636,2390.0
Via Dieng 001,-7.1898823,109.91864825,2390.0
Via Dieng 001,-7.18984332,109.91870407,2390.0
Via Dieng 001,-7.18978381,109.91869602,2390.0
Via Dieng 001,-7.18975682,109.91873341,2390.0
Via Dieng 001,-7.18972337,109.91877892,2381.0
Via Dieng 001,-7.18967166,109.91885067,2381.0
Via Dieng 001,-7.1896699,109.9189132,2381.0
Via Dieng 001,-7.18961039,109.91897749,2381.0
Via Dieng 001,-7.1894839,109.91907614,2409.0
Via Dieng 001,-7.18946873,109.91913431,2409.0
Via Dieng 001,-7.18947737,109.91918704,2409.0
Via Dieng 001,-7.18946521,109.91923096,2409.0
Via Dieng 001,-7.18944887,109.91933431,2409.0
Via Dieng 001,-7.18943009,109.91940639,2409.0
Via Dieng 001,-7.18943328,109.91952499,2409.0
Via Dieng 001,-7.18943504,109.91959423,2409.0
Via Dieng 001,-7.18944954,109.91969992,2409.0
Via Dieng 001,-7.18944225,109.91974686,2409.0
Via Dieng 001,-7.18945138,109.91979045,2409.0
Via Dieng 001,-7.18944686,109.91981668,2409.0
Via Dieng 001,-7.18941433,109.91984694,2409.0
Via Dieng 001,-7.18940151,109.91988902,2409.0
Via Dieng 001,-7.18942716,109.91984854,2409.0
Via Dieng 001,-7.18940277,109.91987863,2409.0
Via Dieng 001,-7.18942808,109.91988315,2409.0
Via Dieng 001,-7.18941182,109.91989698,2409.0
Via Dieng 001,-7.18941819,109.91990235,2409.0
Via Dieng 001,-7.18939832,109.91995532,2409.0
Via Dieng 001,-7.18940402,109.92002103,2409.0
Via Dieng 001,-7.18937351,109.9200901,2409.0
Via Dieng 001,-7.18936346,109.92015246,2409.0
Via Dieng 001,-7.18934585,109.92020728,2409.0
Via Dieng 001,-7.18935415,109.92029546,2409.0
Via Dieng 001,-7.18934326,109.92036117,2409.0
Via Dieng 001,-7.18933856,109.92042219,2409.0
Via Dieng 001,-7.18932155,109.92049654,2409.0
Via Dieng 001,-7.18929816,109.92054733,2409.0
Via Dieng 001,-7.18928257,109.92060601,2409.0
Via Dieng 001,-7.18926723,109.92068128,2409.0
Via Dieng 001,-7.18926547,109.92072822,2409.0
Via Dieng 001,-7.18925768,109.92075906,2409.0
Via Dieng 001,-7.18925139,109.92083483,2469.0
Via Dieng 001,-7.18921736,109.92097205,2469.0
Via Dieng 001,-7.18916749,109.92111286,2469.0
Via Dieng 001,-7.1891208,109.92121261,2469.0
Via Dieng 001,-7.18906271,109.92132501,2469.0
Via Dieng 001,-7.1890638,109.92133758,2469.0
Via Dieng 001,-7.18900437,109.92146448,2469.0
Via Dieng 001,-7.18896498,109.92155668,2469.0
Via Dieng 001,-7.18887873,109.92161511,2469.0
Via Dieng 001,-7.18877639,109.92169792,2469.0
Via Dieng 001,-7.18873842,109.92170437,2469.0
Via Dieng 001,-7.18869232,109.92177109,2469.0
Via Dieng 001,-7.18867513,109.92178501,2469.0
Via Dieng 001,-7.18860791,109.92181476,2469.0
Via Dieng 001,-7.188566,109.92181652,2469.0
Via Dieng 001,-7.18853088,109.92185323,2469.0
Via Dieng 001,-7.18846793,109.9218907,2469.0
Via Dieng 001,-7.18840524,109.92192088,2469.0
Via Dieng 001,-7.18836953,109.92198743,2469.0
Via Dieng 001,-7.18833106,109.92200294,2469.0
Via Dieng 001,-7.18830599,109.92201853,2469.0
Via Dieng 001,-7.18825512,109.9220627,2469.0
Via Dieng 001,-7.18822846,109.92211592,2469.0
Via Dieng 001,-7.18819468,109.92216613,2469.0
Via Dieng 001,-7.18809167,109.92224333,2469.0
Via Dieng 001,-7.18807977,109.9223761,2469.0
Via Dieng 001,-7.18802411,109.92251599,2469.0
Via Dieng 001,-7.18798212,109.9226149,2469.0
Via Dieng 001,-7.18795991,109.92268598,2469.0
Via Dieng 001,-7.1878838,109.92277801,2469.0
Via Dieng 001,-7.18782538,109.92290625,2469.0
Via Dieng 001,-7.18782068,109.92291698,2472.0
Via Dieng 001,-7.18775447,109.92298529,2472.0
Via Dieng 001,-7.18767936,109.9230697,2472.0
Via Dieng 001,-7.18761222,109.9230982,2472.0
Via Dieng 001,-7.18756386,109.92314614,2472.0
Via Dieng 001,-7.18751709,109.92316064,2472.0
Via Dieng 001,-7.18749362,109.92325167,2502.0
Via Dieng 001,-7.18749178,109.92326282,2502.0
Via Dieng 001,-7.18748155,109.92335041,2502.0
Via Dieng 001,-7.18747971,109.92350841,2502.0
Via Dieng 001,-7.18749211,109.92358519,2502.0
Via Dieng 001,-7.1874989,109.92365375,2502.0
Via Dieng 001,-7.18757777,109.92376925,2472.0
Via Dieng 001,-7.1875854,109.92377663,2472.0
Via Dieng 001,-7.18762354,109.92382223,2472.0
Via Dieng 001,-7.1876719,109.92388702,2472.0
Via Dieng 001,-7.18767987,109.92392893,2472.0
Via Dieng 001,-7.18764986,109.92397956,2472.0
Via Dieng 001,-7.1876134,109.92402381,2472.0
Via Dieng 001,-7.18758473,109.92405474,2472.0
Via Dieng 001,-7.18760275,109.92409439,2472.0
Via Dieng 001,-7.18761197,109.92412666,2472.0
Via Dieng 001,-7.18760476,109.9241259,2472.0
Via Dieng 001,-7.18763963,109.92417938,2472.0
Via Dieng 001,-7.18769881,109.92428097,2472.0
Via Dieng 001,-7.18774131,109.92431374,2472.0
Via Dieng 001,-7.18780031,109.92437594,2472.0
Via Dieng 001,-7.1878791,109.92443478,2472.0
Via Dieng 001,-7.18795119,109.92448557,2472.0
Via Dieng 001,-7.18799972,109.92453787,2472.0
Via Dieng 001,-7.1880703,109.92460258,2472.0
Via Dieng 001,-7.18817096,109.92467961,2472.0
Via Dieng 001,-7.18827909,109.92474449,2472.0
Via Dieng 001,-7.18841211,109.92482789,2472.0
Via Dieng 001,-7.18846533,109.92488044,2472.0
Via Dieng 001,-7.1885163,109.92493342,2472.0
Via Dieng 001,-7.18855963,109.92495152,2472.0
Via Dieng 001,-7.18860229,109.9249822,2472.0
Via Dieng 001,-7.18863951,109.92500743,2499.0
Via Dieng 001,-7.18869684,109.92504842,2499.0
Via Dieng 001,-7.18872224,109.92507339,2499.0
Via Dieng 001,-7.18874445,109.92509745,2499.0
Via Dieng 001,-7.18880958,109.92512737,2499.0
Via Dieng 001,-7.18884604,109.92514598,2499.0
Via Dieng 001,-7.18888066,109.92516635,2499.0
Via Dieng 001,-7.1888986,109.92518018,2499.0
Via Dieng 001,-7.18892793,109.92517306,2499.0
Via Dieng 001,-7.18898325,109.92520977,2499.0
Via Dieng 001,-7.18903304,109.92528856,2499.0
Via Dieng 001,-7.18905014,109.92532871,2499.0
Via Dieng 001,-7.18908015,109.92535025,2499.0
Via Dieng 001,-7.18912357,109.9253816,2499.0
Via Dieng 001,-7.18914301,109.92540054,2499.0
Via Dieng 001,-7.18914259,109.92540347,2499.0
Via Dieng 001,-7.18916782,109.92542585,2499.0
Via Dieng 001,-7.18918668,109.92543566,2499.0
Via Dieng 001,-7.18921912,109.92545653,2499.0
Via Dieng 001,-7.18922499,109.92546894,2499.0
Via Dieng 001,-7.1892596,109.92547321,2499.0
Via Dieng 001,-7.18926522,109.92550079,2499.0
Via Dieng 001,-7.1892731,109.9255318,2499.0
Via Dieng 001,-7.18932322,109.9255779,2499.0
Via Dieng 001,-7.18936061,109.92562702,2499.0
Via Dieng 001,-7.18940344,109.92567915,2499.0
Via Dieng 001,-7.18941081,109.92570665,2499.0
Via Dieng 001,-7.18945742,109.92579684,2499.0
Via Dieng 001,-7.18948533,109.92581134,2499.0
Via Dieng 001,-7.1895466,109.92584277,2499.0
Via Dieng 001,-7.18957954,109.92587269,2499.0
Via Dieng 001,-7.18962564,109.92592189,2532.0
Via Dieng 001,-7.1897082,109.9259638,2532.0
Via Dieng 001,-7.18978481,109.92602382,2532.0
Via Dieng 001,-7.18985246,109.92607042,2532.0
Via Dieng 001,-7.18991733,109.9261156,2532.0
Via Dieng 001,-7.18998682,109.92612742,2532.0
Via Dieng 001,-7.19006435,109.92616639,2532.0
Via Dieng 001,-7.19010525,109.92617981,2532.0
Via Dieng 001,-7.19018748,109.92626748,2532.0
Via Dieng 001,-7.19021397,109.92633454,2532.0
Via Dieng 001,-7.1902692,109.92637318,2532.0
Via Dieng 001,-7.19034883,109.92643135,2532.0
Via Dieng 001,-7.1903915,109.92650192,2532.0
Via Dieng 001,-7.19042871,109.92657501,2532.0
Via Dieng 001,-7.19044816,109.92659563,2532.0
Via Dieng 001,-7.19050608,109.92665322,2532.0
Via Dieng 001,-7.19054673,109.92670652,2532.0
Via Dieng 001,-7.19058763,109.92673016,2532.0
Via Dieng 001,-7.19067003,109.92675028,2532.0
Via Dieng 001,-7.19075468,109.92682496,2532.0
Via Dieng 001,-7.19077824,109.92683602,2532.0
Via Dieng 001,-7.19082459,109.9268688,2532.0
Via Dieng 001,-7.19086365,109.92686436,2532.0
Via Dieng 001,-7.1908981,109.92686964,2532.0
Via Dieng 001,-7.19089265,109.92687609,2532.0
Via Dieng 001,-7.19091486,109.92689621,2532.0
Via Dieng 001,-7.19092769,109.92690543,2532.0
Via Dieng 001,-7.19092651,109.92692253,2532.0
Via Dieng 001,-7.19094126,109.92692001,2532.0
Via Dieng 001,-7.19096876,109.92693669,2532.0
Via Dieng 001,-7.19095199,109.92696603,2532.0
Via Dieng 001,-7.19096381,109.92698438,2532.0
Via Dieng 001,-7.19100815,109.9270454,2532.0
Via Dieng 001,-7.19102441,109.92705664,2532.0
Via Dieng 001,-7.19109281,109.9271164,2526.0
Via Dieng 001,-7.1911716,109.92721145,2526.0
Via Dieng 001,-7.19118702,109.92723064,2526.0
Via Dieng 001,-7.19121058,109.92733039,2526.0
Via Dieng 001,-7.19124159,109.9274417,2526.0
Via Dieng 001,-7.1912296,109.92753725,2526.0
Via Dieng 001,-7.19123304,109.92753767,2526.0
Via Dieng 001,-7.19127755,109.92753834,2526.0
Via Dieng 001,-7.19128937,109.9275712,2526.0
Via Dieng 001,-7.19130688,109.92758453,2526.0
Via Dieng 001,-7.19133773,109.92761973,2526.0
Via Dieng 001,-7.19135181,109.92765058,2526.0
Via Dieng 001,-7.19140344,109.9276909,2526.0
Via Dieng 001,-7.19143982,109.92770934,2526.0
Via Dieng 001,-7.19146463,109.9277722,2526.0
Via Dieng 001,-7.19152431,109.92782735,2526.0
Via Dieng 001,-7.19157116,109.92785702,2526.0
Via Dieng 001,-7.19165012,109.92787052,2526.0
Via Dieng 001,-7.19169756,109.92793699,2553.0
Via Dieng 001,-7.19178021,109.92801192,2553.0
Via Dieng 001,-7.19182438,109.9280592,2553.0
Via Dieng 001,-7.19183184,109.92807722,2553.0
Via Dieng 001,-7.19187618,109.92809901,2553.0
Via Dieng 001,-7.19195237,109.92813539,2553.0
Via Dieng 001,-7.19200141,109.92817478,2553.0
Via Dieng 001,-7.19204734,109.92820672,2553.0
Via Dieng 001,-7.19205078,109.92820362,2553.0
Via Dieng 001,-7.19206226,109.92820194,2553.0
Via Dieng 001,-7.19210719,109.92824209,2553.0
Via Dieng 001,-7.19222344,109.92833119,2553.0
Via Dieng 001,-7.1922418,109.92833471,2553.0
Via Dieng 001,-7.19234741,109.92840872,2553.0
Via Dieng 001,-7.19236342,109.92841735,2553.0
Via Dieng 001,-7.19239192,109.92847033,2553.0
Via Dieng 001,-7.19252192,109.92854333,2553.0
Via Dieng 001,-7.19255671,109.9285399,2553.0
Via Dieng 001,-7.19261278,109.92855482,2553.0
Via Dieng 001,-7.1926645,109.92859991,2553.0
Via Dieng 001,-7.19267716,109.92862883,2553.0
Via Wates 001,-7.22522627,109.95946803,1662.0
Via Wates 001,-7.22522627,109.95943987,1662.0
Via Wates 001,-7.22522627,109.95946803,1662.0
Via Wates 001,-7.2251981,109.95946803,1662.0
Via Wates 001,-7.22514178,109.95943987,1662.0
Via Wates 001,-7.22502904,109.95938354,1662.0
Via Wates 001,-7.22494455,109.95932713,1692.0
Via Wates 001,-7.22485998,109.95924264,1692.0
Via Wates 001,-7.22471916,109.95918623,1692.0
Via Wates 001,-7.22466275,109.95918623,1692.0
Via Wates 001,-7.22452193,109.95915807,1692.0
Via Wates 001,-7.22446552,109.95915807,1692.0
Via Wates 001,-7.22443736,109.95907358,1692.0
Via Wates 001,-7.22443736,109.95901717,1692.0
Via Wates 001,-7.22443736,109.95896084,1692.0
Via Wates 001,-7.22443736,109.95881994,1692.0
Via Wates 001,-7.22446552,109.95867904,1692.0
Via Wates 001,-7.22446552,109.95853814,1692.0
Via Wates 001,-7.22443736,109.95850998,1692.0
Via Wates 001,-7.22429646,109.95845365,1692.0
Via Wates 001,-7.22421197,109.95848182,1692.0
Via Wates 001,-7.22412748,109.95848182,1692.0
Via Wates 001,-7.22407107,109.95845365,1692.0
Via Wates 001,-7.22395842,109.95842549,1692.0
Via Wates 001,-7.22393026,109.95839724,1692.0
Via Wates 001,-7.22393026,109.95828459,1699.0
Via Wates 001,-7.22393026,109.95820002,1699.0
Via Wates 001,-7.22395842,109.95808736,1699.0
Via Wates 001,-7.22395842,109.95803095,1699.0
Via Wates 001,-7.22398658,109.95800279,1699.0
Via Wates 001,-7.22390209,109.95800279,1699.0
Via Wates 001,-7.22378936,109.95800279,1699.0
Via Wates 001,-7.22373303,109.95800279,1699.0
Via Wates 001,-7.22370487,109.95789005,1699.0
Via Wates 001,-7.22367662,109.95789005,1699.0
Via Wates 001,-7.22367662,109.95797463,1699.0
Via Wates 001,-7.22364846,109.95803095,1699.0
Via Wates 001,-7.22356397,109.95805912,1699.0
Via Wates 001,-7.22342307,109.95805912,1699.0
Via Wates 001,-7.22333858,109.95805912,1699.0
Via Wates 001,-7.22331041,109.95805912,1699.0
Via Wates 001,-7.22322584,109.95805912,1699.0
Via Wates 001,-7.22322584,109.95797463,1699.0
Via Wates 001,-7.223254,109.95789005,1699.0
Via Wates 001,-7.22331041,109.9577774,1699.0
Via Wates 001,-7.223254,109.95774915,1699.0
Via Wates 001,-7.22319768,109.95772099,1699.0
Via Wates 001,-7.22305678,109.9577774,1699.0
Via Wates 001,-7.22305678,109.95780556,1699.0
Via Wates 001,-7.22300045,109.95783373,1699.0
Via Wates 001,-7.22294413,109.95789005,1699.0
Via Wates 001,-7.2228878,109.95797463,1770.0
Via Wates 001,-7.22285955,109.95808736,1770.0
Via Wates 001,-7.22285955,109.95811553,1770.0
Via Wates 001,-7.22285955,109.95817185,1770.0
Via Wates 001,-7.22285955,109.95822818,1770.0
Via Wates 001,-7.22285955,109.95825643,1770.0
Via Wates 001,-7.22285955,109.95834092,1705.0
Via Wates 001,-7.2228878,109.95839724,1705.0
Via Wates 001,-7.22285955,109.95845365,1705.0
Via Wates 001,-7.22283139,109.95848182,1705.0
Via Wates 001,-7.22280323,109.95842549,1705.0
Via Wates 001,-7.2227469,109.95834092,1705.0
Via Wates 001,-7.22269057,109.95825643,1770.0
Via Wates 001,-7.22263416,109.95820002,1770.0
Via Wates 001,-7.22252151,109.95820002,1770.0
Via Wates 001,-7.22249335,109.95820002,1770.0
Via Wates 001,-7.22238061,109.95817185,1770.0
Via Wates 001,-7.22232428,109.95814369,1770.0
Via Wates 001,-7.22218338,109.95811553,1770.0
Via Wates 001,-7.22212706,109.95808736,1770.0
Via Wates 001,-7.22204257,109.95805912,1770.0
Via Wates 001,-7.22195799,109.95803095,1770.0
Via Wates 001,-7.22187351,109.95805912,1770.0
Via Wates 001,-7.22181709,109.95808736,1770.0
Via Wates 001,-7.22170444,109.95808736,1770.0
Via Wates 001,-7.22161987,109.95805912,1770.0
Via Wates 001,-7.22159171,109.95800279,1770.0
Via Wates 001,-7.22159171,109.95797463,1770.0
Via Wates 001,-7.22156354,109.95794646,1770.0
Via Wates 001,-7.22150722,109.95789005,1770.0
Via Wates 001,-7.22145089,109.95783373,1770.0
Via Wates 001,-7.22136632,109.95780556,1770.0
Via Wates 001,-7.22130999,109.95774915,1770.0
Via Wates 001,-7.2212255,109.9576365,1770.0
Via Wates 001,-7.22119725,109.95760834,1770.0
Via Wates 001,-7.22116909,109.95758009,1770.0
Via Wates 001,-7.22114093,109.95752377,1770.0
Via Wates 001,-7.2210846,109.95746744,1770.0
Via Wates 001,-7.22102827,109.95738287,1770.0
Via Wates 001,-7.22097186,109.95732654,1770.0
Via Wates 001,-7.22091554,109.95729838,1770.0
Via Wates 001,-7.22085921,109.95727013,1770.0
Via Wates 001,-7.22074647,109.95718564,1795.0
Via Wates 001,-7.22069015,109.95715748,1795.0
Via Wates 001,-7.22057741,109.95710107,1795.0
Via Wates 001,-7.22054925,109.95710107,1795.0
Via Wates 001,-7.2204366,109.95704474,1795.0
Via Wates 001,-7.22035202,109.95698841,1795.0
Via Wates 001,-7.22023937,109.95696025,1795.0
Via Wates 001,-7.2201548,109.956932,1795.0
Via Wates 001,-7.22009847,109.95690384,1795.0
Via Wates 001,-7.22004214,109.95687568,1795.0
Via Wates 001,-7.21998582,109.95684751,1795.0
Via Wates 001,-7.21990124,109.95681935,1795.0
Via Wates 001,-7.21981675,109.95676294,1795.0
Via Wates 001,-7.21973218,109.95667845,1795.0
Via Wates 001,-7.21964769,109.95662204,1795.0
Via Wates 001,-7.21964769,109.95659388,1795.0
Via Wates 001,-7.21961953,109.95653755,1795.0
Via Wates 001,-7.21950679,109.95648114,1795.0
Via Wates 001,-7.2194223,109.95639665,1795.0
Via Wates 001,-7.21933773,109.95631216,1795.0
Via Wates 001,-7.21925324,109.95622759,1782.0
Via Wates 001,-7.21916875,109.95622759,1782.0
Via Wates 001,-7.2191405,109.95622759,1782.0
Via Wates 001,-7.21902785,109.95617126,1782.0
Via Wates 001,-7.21891511,109.95608669,1782.0
Via Wates 001,-7.21885879,109.95605852,1782.0
Via Wates 001,-7.21880246,109.95608669,1782.0
Via Wates 001,-7.21871789,109.95614301,1867.0
Via Wates 001,-7.21868972,109.95614301,1867.0
Via Wates 001,-7.21860523,109.95611485,1867.0
Via Wates 001,-7.21852066,109.95611485,1867.0
Via Wates 001,-7.21846433,109.95611485,1867.0
Via Wates 001,-7.21837984,109.95608669,1867.0
Via Wates 001,-7.21832343,109.95603036,1867.0
Via Wates 001,-7.21823894,109.9560022,1867.0
Via Wates 001,-7.21815445,109.95591762,1867.0
Via Wates 001,-7.21806988,109.9558613,1867.0
Via Wates 001,-7.21798539,109.95577672,1867.0
Via Wates 001,-7.21790082,109.95574856,1867.0
Via Wates 001,-7.21778817,109.95569224,1867.0
Via Wates 001,-7.21778817,109.95563583,1867.0
Via Wates 001,-7.21773184,109.95549493,1867.0
Via Wates 001,-7.21764727,109.9554386,1867.0
Via Wates 001,-7.21759094,109.95538227,1867.0
Via Wates 001,-7.2174782,109.9552977,1867.0
Via Wates 001,-7.21742188,109.95518496,1867.0
Via Wates 001,-7.21739371,109.95512864,1867.0
Via Wates 001,-7.21736555,109.95510047,1867.0
Via Wates 001,-7.21730914,109.9550159,1867.0
Via Wates 001,-7.21722465,109.95493141,1867.0
Via Wates 001,-7.217112,109.954875,1867.0
Via Wates 001,-7.21714016,109.95479051,1867.0
Via Wates 001,-7.21714016,109.95470602,1867.0
Via Wates 001,-7.21716832,109.95456512,1867.0
Via Wates 001,-7.21708375,109.95445238,1867.0
Via Wates 001,-7.21705559,109.95445238,1867.0
Via Wates 001,-7.21699926,109.95442422,1867.0
Via Wates 001,-7.21691477,109.95433965,1867.0
Via Wates 001,-7.21688652,109.95433965,1867.0
Via Wates 001,-7.21685836,109.95431148,1867.0
Via Wates 001,-7.21671754,109.95419875,1867.0
Via Wates 001,-7.21660481,109.95411426,1927.0
Via Wates 001,-7.21652032,109.95405785,1927.0
Via Wates 001,-7.21643575,109.95400152,1927.0
Via Wates 001,-7.21632309,109.95391695,1927.0
Via Wates 001,-7.21623852,109.95386062,1927.0
Via Wates 001,-7.21618219,109.95383246,1927.0
Via Wates 001,-7.21618219,109.9538043,1927.0
Via Wates 001,-7.21612587,109.9538043,1927.0
Via Wates 001,-7.21606946,109.95377613,1927.0
Via Wates 001,-7.21598497,109.95371972,1927.0
Via Wates 001,-7.21592864,109.95360707,1927.0
Via Wates 001,-7.21587223,109.9535225,1927.0
Via Wates 001,-7.2158159,109.95343801,1927.0
Via Wates 001,-7.21573141,109.95335343,1927.0
Via Wates 001,-7.21567509,109.95329711,1927.0
Via Wates 001,-7.21561868,109.95321253,1927.0
Via Wates 001,-7.21556235,109.95312804,1927.0
Via Wates 001,-7.21553419,109.95304347,1927.0
Via Wates 001,-7.21547786,109.95295898,1927.0
Via Wates 001,-7.21539329,109.95287441,1927.0
Via Wates 001,-7.21536512,109.95276167,1927.0
Via Wates 001,-7.2153088,109.95267718,1927.0
Via Wates 001,-7.21525239,109.95262077,1927.0
Via Wates 001,-7.21519606,109.95253628,1927.0
Via Wates 001,-7.21511157,109.95245171,1927.0
Via Wates 001,-7.21505525,109.95236722,1927.0
Via Wates 001,-7.21499884,109.95231089,1927.0
Via Wates 001,-7.21491435,109.95225448,1927.0
Via Wates 001,-7.21491435,109.95222632,1927.0
Via Wates 001,-7.21491435,109.95219816,1927.0
Via Wates 001,-7.21485802,109.95214183,1927.0
Via Wates 001,-7.21482977,109.95211358,1927.0
Via Wates 001,-7.21480161,109.95211358,1927.0
Via Wates 001,-7.21477345,109.95211358,1927.0
Via Wates 001,-7.21471712,109.95205726,1935.0
Via Wates 001,-7.21466079,109.95200093,1935.0
Via Wates 001,-7.21457622,109.95197268,2016.0
Via Wates 001,-7.21451989,109.95194452,2016.0
Via Wates 001,-7.21443532,109.95191636,2016.0
Via Wates 001,-7.2142945,109.95186003,2016.0
Via Wates 001,-7.21420993,109.95180362,2016.0
Via Wates 001,-7.2141536,109.95169097,2016.0
Via Wates 001,-7.21409728,109.95163456,2016.0
Via Wates 001,-7.21398454,109.95155007,2016.0
Via Wates 001,-7.21395638,109.95155007,2016.0
Via Wates 001,-7.21390005,109.9515219,2016.0
Via Wates 001,-7.21381548,109.95155007,2016.0
Via Wates 001,-7.21367466,109.95157823,2016.0
Via Wates 001,-7.21359009,109.95157823,2016.0
Via Wates 001,-7.21353376,109.9515219,2016.0
Via Wates 001,-7.21344927,109.9515219,2016.0
Via Wates 001,-7.2133647,109.95149366,2016.0
Via Wates 001,-7.21330837,109.95146549,2016.0
Via Wates 001,-7.21322388,109.95140917,2016.0
Via Wates 001,-7.21316747,109.951381,2016.0
Via Wates 001,-7.21311115,109.95129643,2016.0
Via Wates 001,-7.21305482,109.95126827,2016.0
Via Wates 001,-7.21299841,109.9512401,2016.0
Via Wates 001,-7.21294208,109.9512401,2016.0
Via Wates 001,-7.21280127,109.95126827,2016.0
Via Wates 001,-7.21271669,109.9512401,2016.0
Via Wates 001,-7.21266037,109.95118378,2016.0
Via Wates 001,-7.21263221,109.95115553,2016.0
Via Wates 001,-7.21260404,109.95112737,2016.0
Via Wates 001,-7.21254763,109.9510992,2016.0
Via Wates 001,-7.21251947,109.9510992,2016.0
Via Wates 001,-7.21249131,109.95104288,2042.0
Via Wates 001,-7.21249131,109.95101463,2042.0
Via Wates 001,-7.21243498,109.95093014,2042.0
Via Wates 001,-7.21243498,109.95090198,2042.0
Via Wates 001,-7.21243498,109.95084557,2042.0
Via Wates 001,-7.21246314,109.9508174,2042.0
Via Wates 001,-7.21246314,109.95076108,2042.0
Via Wates 001,-7.21246314,109.95073291,2042.0
Via Wates 001,-7.21249131,109.9506765,2042.0
Via Wates 001,-7.21249131,109.95059201,2042.0
Via Wates 001,-7.21246314,109.95053569,2042.0
Via Wates 001,-7.21243498,109.95050744,2042.0
Via Wates 001,-7.21240682,109.95042295,2042.0
Via Wates 001,-7.21237857,109.95036654,2042.0
Via Wates 001,-7.21232224,109.95033838,2042.0
Via Wates 001,-7.21226592,109.95031022,2042.0
Via Wates 001,-7.21220959,109.95025389,2042.0
Via Wates 001,-7.21218143,109.95019748,2042.0
Via Wates 001,-7.21215318,109.95016932,2042.0
Via Wates 001,-7.21215318,109.95005658,2042.0
Via Wates 001,-7.21215318,109.95000025,2042.0
Via Wates 001,-7.21209685,109.94988752,2147.0
Via Wates 001,-7.21209685,109.94985935,2147.0
Via Wates 001,-7.21206869,109.94980303,2147.0
Via Wates 001,-7.21201236,109.9497467,2147.0
Via Wates 001,-7.21195595,109.94971845,2147.0
Via Wates 001,-7.21192779,109.94969029,2147.0
Via Wates 001,-7.21189963,109.94969029,2147.0
Via Wates 001,-7.21181514,109.94963396,2147.0
Via Wates 001,-7.21178697,109.9496058,2147.0
Via Wates 001,-7.21173056,109.94957764,2147.0
Via Wates 001,-7.21158975,109.94952123,2147.0
Via Wates 001,-7.21147701,109.94949306,2147.0
Via Wates 001,-7.21142069,109.94943674,2147.0
Via Wates 001,-7.21139252,109.94943674,2147.0
Via Wates 001,-7.21136436,109.94935216,2147.0
Via Wates 001,-7.21136436,109.94929584,2147.0
Via Wates 001,-7.21133611,109.94926767,2147.0
Via Wates 001,-7.21130795,109.94923943,2147.0
Via Wates 001,-7.21127979,109.94921126,2147.0
Via Wates 001,-7.21125162,109.94921126,2147.0
Via Wates 001,-7.21127979,109.94923943,2147.0
Via Wates 001,-7.21125162,109.94923943,2147.0
Via Wates 001,-7.21127979,109.94923943,2147.0
Via Wates 001,-7.21127979,109.94921126,2147.0
Via Wates 001,-7.21127979,109.9491831,2147.0
Via Wates 001,-7.21125162,109.9491831,2147.0
Via Wates 001,-7.21122346,109.94915494,2147.0
Via Wates 001,-7.2111953,109.94912677,2147.0
Via Wates 001,-7.21116713,109.9490422,2147.0
Via Wates 001,-7.2110544,109.9489013,2147.0
Via Wates 001,-7.21096991,109.94884497,2147.0
Via Wates 001,-7.2109135,109.94878865,2147.0
Via Wates 001,-7.21088533,109.94878865,2147.0
Via Wates 001,-7.21082901,109.94870408,2147.0
Via Wates 001,-7.21074452,109.94864775,2147.0
Via Wates 001,-7.21071627,109.94864775,2147.0
Via Wates 001,-7.21071627,109.94861959,2147.0
Via Wates 001,-7.21065994,109.94850685,2147.0
Via Wates 001,-7.21063178,109.94842228,2147.0
Via Wates 001,-7.21060362,109.94842228,2147.0
Via Wates 001,-7.21057545,109.94839411,2147.0
Via Wates 001,-7.21043455,109.94822505,2147.0
Via Wates 001,-7.2103219,109.94811231,2141.0
Via Wates 001,-7.21029365,109.94805599,2141.0
Via Wates 001,-7.21029365,109.94802782,2141.0
Via Wates 001,-7.21026549,109.9479715,2141.0
Via Wates 001,-7.210181,109.9479715,2141.0
Via Wates 001,-7.21012468,109.94799966,2141.0
Via Wates 001,-7.21006826,109.94799966,2141.0
Via Wates 001,-7.21001194,109.94799966,2141.0
Via Wates 001,-7.21001194,109.94794325,2141.0
Via Wates 001,-7.20998378,109.94785876,2201.0
Via Wates 001,-7.20995561,109.94777419,2201.0
Via Wates 001,-7.2098992,109.94766153,2201.0
Via Wates 001,-7.20984288,109.94760512,2201.0
Via Wates 001,-7.20981471,109.9475488,2201.0
Via Wates 001,-7.20978655,109.94746422,2201.0
Via Wates 001,-7.20973022,109.94737973,2201.0
Via Wates 001,-7.20967381,109.947267,2201.0
Via Wates 001,-7.20964565,109.94718603,2201.0
Via Wates 001,-7.20961749,109.94715778,2201.0
Via Wates 001,-7.20958932,109.94704513,2201.0
Via Wates 001,-7.20956116,109.94698872,2201.0
Via Wates 001,-7.20956116,109.94693239,2201.0
Via Wates 001,-7.20956116,109.94684782,2201.0
Via Wates 001,-7.20956116,109.94681966,2201.0
Via Wates 001,-7.20958932,109.946707,2201.0
Via Wates 001,-7.20956116,109.94662243,2201.0
Via Wates 001,-7.20958932,109.94650969,2201.0
Via Wates 001,-7.20958932,109.94645337,2201.0
Via Wates 001,-7.20958932,109.9464252,2201.0
Via Wates 001,-7.20967381,109.94625614,2201.0
Via Wates 001,-7.20970198,109.94619973,2201.0
Via Wates 001,-7.20973022,109.94608708,2201.0
Via Wates 001,-7.20978655,109.94597434,2201.0
Via Wates 001,-7.20981471,109.9458616,2201.0
Via Wates 001,-7.20984288,109.94580528,2202.0
Via Wates 001,-7.20987104,109.94572079,2202.0
Via Wates 001,-7.2098992,109.94563621,2202.0
Via Wates 001,-7.20992745,109.94560805,2202.0
Via Wates 001,-7.20995561,109.94552348,2202.0
Via Wates 001,-7.21001194,109.94549531,2202.0
Via Wates 001,-7.21006826,109.94543899,2202.0
Via Wates 001,-7.21012468,109.94532625,2202.0
Via Wates 001,-7.210181,109.94524168,2202.0
Via Wates 001,-7.21023733,109.94515719,2202.0
Via Wates 001,-7.21026549,109.94510086,2202.0
Via Wates 001,-7.21029365,109.94501629,2202.0
Via Wates 001,-7.21035006,109.94498813,2202.0
Via Wates 001,-7.21043455,109.94490355,2215.0
Via Wates 001,-7.21046272,109.94481906,2215.0
Via Wates 001,-7.21049088,109.9447909,2215.0
Via Wates 001,-7.21046272,109.94476274,2215.0
Via Wates 001,-7.21049088,109.94473449,2215.0
Via Wates 001,-7.21046272,109.94459359,2215.0
Via Wates 001,-7.21043455,109.94448094,2215.0
Via Wates 001,-7.21040639,109.94442453,2202.0
Via Wates 001,-7.21040639,109.94439636,2202.0
Via Wates 001,-7.21037823,109.94428371,2202.0
Via Wates 001,-7.21037823,109.94419914,2202.0
Via Wates 001,-7.21037823,109.94411456,2202.0
Via Wates 001,-7.21037823,109.9440864,2202.0
Via Wates 001,-7.21037823,109.94391734,2202.0
Via Wates 001,-7.21035006,109.94369195,2268.0
Via Wates 001,-7.21037823,109.94355105,2268.0
Via Wates 001,-7.21040639,109.94352289,2268.0
Via Wates 001,-7.21043455,109.94349472,2281.0
Via Wates 001,-7.21040639,109.94346648,2268.0
Via Wates 001,-7.21040639,109.94338199,2268.0
Via Wates 001,-7.21037823,109.94329741,2268.0
Via Wates 001,-7.21037823,109.94326925,2268.0
Via Wates 001,-7.21037823,109.94312835,2268.0
Via Wates 001,-7.21037823,109.94310019,2268.0
Via Wates 001,-7.21037823,109.9430157,2268.0
Via Wates 001,-7.21035006,109.94293112,2268.0
Via Wates 001,-7.21035006,109.94284663,2268.0
Via Wates 001,-7.2103219,109.94279022,2268.0
Via Wates 001,-7.21029365,109.94264932,2268.0
Via Wates 001,-7.21023733,109.94250842,2268.0
Via Wates 001,-7.21023733,109.94248026,2268.0
Via Wates 001,-7.21020916,109.94248026,2268.0
Via Wates 001,-7.21012468,109.94236761,2268.0
Via Wates 001,-7.21012468,109.94233936,2268.0
Via Wates 001,-7.2100401,109.94228303,2268.0
Via Wates 001,-7.20995561,109.94219854,2268.0
Via Wates 001,-7.20987104,109.94214213,2268.0
Via Wates 001,-7.20981471,109.94211397,2268.0
Via Wates 001,-7.20973022,109.94191675,2268.0
Via Wates 001,-7.20973022,109.94186033,2268.0
Via Wates 001,-7.20970198,109.94183217,2268.0
Via Wates 001,-7.20967381,109.94174768,2268.0
Via Wates 001,-7.20961749,109.94163495,2353.0
Via Wates 001,-7.20956116,109.94155037,2353.0
Via Wates 001,-7.209533,109.94146588,2353.0
Via Wates 001,-7.20947659,109.94135315,2353.0
Via Wates 001,-7.20944842,109.94124049,2353.0
Via Wates 001,-7.2093921,109.94112776,2353.0
Via Wates 001,-7.20936393,109.94104318,2353.0
Via Wates 001,-7.20927936,109.94095869,2353.0
Via Wates 001,-7.20919487,109.94087412,2353.0
Via Wates 001,-7.20916671,109.94084596,2353.0
Via Wates 001,-7.20911038,109.94078963,2353.0
Via Wates 001,-7.20902581,109.94073322,2353.0
Via Wates 001,-7.20891315,109.94067689,2353.0
Via Wates 001,-7.20882858,109.94064873,2353.0
Via Wates 001,-7.20874409,109.9405924,2353.0
Via Wates 001,-7.20868777,109.94053599,2353.0
Via Wates 001,-7.20863136,109.9404515,2353.0
Via Wates 001,-7.20854687,109.94033877,2353.0
Via Wates 001,-7.2085187,109.94028244,2353.0
Via Wates 001,-7.20846229,109.94022603,2353.0
Via Wates 001,-7.20843413,109.94019787,2353.0
Via Wates 001,-7.20840597,109.94016971,2353.0
Via Wates 001,-7.2083778,109.94014154,2353.0
Via Wates 001,-7.20832148,109.94008513,2401.0
Via Wates 001,-7.20829331,109.94002881,2401.0
Via Wates 001,-7.20826515,109.94002881,2401.0
Via Wates 001,-7.20820874,109.93997248,2401.0
Via Wates 001,-7.20815241,109.93988791,2401.0
Via Wates 001,-7.20806784,109.93985974,2401.0
Via Wates 001,-7.20801151,109.93980342,2401.0
Via Wates 001,-7.20798335,109.93980342,2401.0
Via Wates 001,-7.20792702,109.93977517,2401.0
Via Wates 001,-7.20789886,109.93974701,2401.0
Via Wates 001,-7.20778612,109.93971884,2401.0
Via Wates 001,-7.20775796,109.93971884,2401.0
Via Wates 001,-7.20770163,109.93971884,2401.0
Via Wates 001,-7.2075889,109.93971884,2401.0
Via Wates 001,-7.20753257,109.93971884,2401.0
Via Wates 001,-7.20747625,109.93974701,2401.0
Via Wates 001,-7.20741984,109.93971884,2401.0
Via Wates 001,-7.20736351,109.93977517,2401.0
Via Wates 001,-7.20733535,109.93980342,2401.0
Via Wates 001,-7.20727902,109.93983158,2401.0
Via Wates 001,-7.20725086,109.93985974,2401.0
Via Wates 001,-7.20716628,109.93988791,2401.0
Via Wates 001,-7.20710996,109.93991607,2401.0
Via Wates 001,-7.20708179,109.93994423,2401.0
Via Wates 001,-7.20699722,109.94000064,2401.0
Via Wates 001,-7.20694089,109.94002881,2401.0
Via Wates 001,-7.20688457,109.94002881,2401.0
Via Wates 001,-7.20682824,109.94002881,2401.0
Via Wates 001,-7.20679999,109.94002881,2401.0
Via Wates 001,-7.20677183,109.94005697,2401.0
Via Wates 001,-7.2067155,109.94005697,2401.0
Via Wates 001,-7.20663093,109.94008513,2401.0
Via Wates 001,-7.2065746,109.94008513,2401.0
Via Wates 001,-7.20651828,109.94005697,2401.0
Via Wates 001,-7.20646195,109.94005697,2401.0
Via Wates 001,-7.20643379,109.94002881,2401.0
Via Wates 001,-7.20634921,109.94000064,2401.0
Via Wates 001,-7.20626472,109.93994423,2401.0
Via Wates 001,-7.20615199,109.93988791,2458.0
Via Wates 001,-7.20612383,109.93983158,2458.0
Via Wates 001,-7.20603934,109.93980342,2458.0
Via Wates 001,-7.20603934,109.93977517,2458.0
Via Wates 001,-7.2059266,109.93966252,2458.0
Via Wates 001,-7.20587027,109.93963435,2458.0
Via Wates 001,-7.20587027,109.93960611,2458.0
Via Wates 001,-7.20584211,109.93960611,2458.0
Via Wates 001,-7.2057857,109.93954978,2453.0
Via Wates 001,-7.20572937,109.93943704,2453.0
Via Wates 001,-7.20567305,109.93935255,2453.0
Via Wates 001,-7.20558847,109.93926798,2453.0
Via Wates 001,-7.20553215,109.93918349,2453.0
Via Wates 001,-7.20547582,109.93912708,2453.0
Via Wates 001,-7.20541949,109.93909892,2453.0
Via Wates 001,-7.20536308,109.93909892,2453.0
Via Wates 001,-7.20533492,109.93909892,2453.0
Via Wates 001,-7.20533492,109.93907075,2453.0
Via Wates 001,-7.20530676,109.93907075,2453.0
Via Wates 001,-7.20525043,109.93904259,2453.0
Via Wates 001,-7.20525043,109.93901443,2453.0
Via Wates 001,-7.20519402,109.93904259,2453.0
Via Wates 001,-7.20519402,109.93901443,2453.0
Via Wates 001,-7.20510953,109.93895802,2453.0
Via Wates 001,-7.2050532,109.93895802,2453.0
Via Wates 001,-7.20499688,109.93890169,2453.0
Via Wates 001,-7.20488414,109.93890169,2453.0
Via Wates 001,-7.20482782,109.93890169,2453.0
Via Wates 001,-7.20477141,109.93887353,2453.0
Via Wates 001,-7.20465875,109.9388172,2453.0
Via Wates 001,-7.20454602,109.93878895,2453.0
Via Wates 001,-7.20448969,109.93878895,2453.0
Via Wates 001,-7.20434879,109.93876079,2453.0
Via Wates 001,-7.20432063,109.93876079,2453.0
Via Wates 001,-7.2042643,109.93876079,2453.0
Via Wates 001,-7.20420797,109.93876079,2453.0
Via Wates 001,-7.20417981,109.93876079,2453.0
Via Wates 001,-7.20417981,109.93878895,2453.0
Via Wates 001,-7.20417981,109.93876079,2453.0
Via Wates 001,-7.20406707,109.93878895,2501.0
Via Wates 001,-7.20392617,109.93873263,2501.0
Via Wates 001,-7.20378536,109.93876079,2501.0
Via Wates 001,-7.20364446,109.9386763,2501.0
Via Wates 001,-7.20358813,109.93864805,2501.0
Via Wates 001,-7.20353172,109.93859173,2501.0
Via Wates 001,-7.20344723,109.93845083,2501.0
Via Wates 001,-7.20339091,109.93845083,2501.0
Via Wates 001,-7.20322184,109.93836634,2501.0
Via Wates 001,-7.20319368,109.93836634,2501.0
Via Wates 001,-7.20310911,109.93830993,2501.0
Via Wates 001,-7.20305278,109.93830993,2501.0
Via Wates 001,-7.20299645,109.93822544,2501.0
Via Wates 001,-7.20296829,109.93822544,2501.0
Via Wates 001,-7.20294013,109.93819728,2501.0
Via Wates 001,-7.20291188,109.93816903,2501.0
Via Wates 001,-7.20288372,109.93816903,2501.0
Via Wates 001,-7.20282739,109.93814087,2501.0
Via Wates 001,-7.20279923,109.93814087,2501.0
Via Wates 001,-7.20268649,109.93814087,2501.0
Via Wates 001,-7.202602,109.93814087,2501.0
Via Wates 001,-7.2024611,109.93814087,2501.0
Via Wates 001,-7.20234845,109.93819728,2501.0
Via Wates 001,-7.20229204,109.93819728,2501.0
Via Wates 001,-7.20220755,109.9382536,2501.0
Via Wates 001,-7.20206665,109.93830993,2524.0
Via Wates 001,-7.20203849,109.93830993,2524.0
Via Wates 001,-7.20192583,109.93830993,2524.0
Via Wates 001,-7.20186942,109.93830993,2524.0
Via Wates 001,-7.2018131,109.93828177,2524.0
Via Wates 001,-7.20164403,109.93822544,2524.0
Via Wates 001,-7.20164403,109.93819728,2524.0
Via Wates 001,-7.20155954,109.9381127,2524.0
Via Wates 001,-7.20153138,109.93808454,2524.0
Via Wates 001,-7.20144681,109.9379718,2524.0
Via Wates 001,-7.20139048,109.93791548,2524.0
Via Wates 001,-7.20127774,109.9378309,2524.0
Via Wates 001,-7.20124958,109.93777458,2524.0
Via Wates 001,-7.20122142,109.93777458,2524.0
Via Wates 001,-7.20119325,109.93774641,2524.0
Via Wates 001,-7.20119325,109.93769,2524.0
Via Wates 001,-7.20122142,109.93763368,2524.0
Via Wates 001,-7.20119325,109.93754919,2524.0
Via Wates 001,-7.20116509,109.93749278,2549.0
Via Wates 001,-7.20110876,109.93746461,2549.0
Via Wates 001,-7.20105235,109.93738004,2549.0
Via Wates 001,-7.20099603,109.93729555,2549.0
Via Wates 001,-7.2009397,109.93712649,2549.0
Via Wates 001,-7.20091154,109.93695742,2549.0
Via Wates 001,-7.20088338,109.93681652,2549.0
Via Wates 001,-7.20088338,109.93678836,2549.0
Via Wates 001,-7.20088338,109.93673195,2549.0
Via Wates 001,-7.20088338,109.93670379,2549.0
Via Wates 001,-7.20088338,109.93664746,2549.0
Via Wates 001,-7.20091154,109.93656289,2549.0
Via Wates 001,-7.2009397,109.9364784,2549.0
Via Wates 001,-7.2009397,109.93636566,2549.0
Via Wates 001,-7.2009397,109.9363375,2549.0
Via Wates 001,-7.20091154,109.93622476,2549.0
Via Wates 001,-7.20091154,109.9361966,2549.0
Via Wates 001,-7.20091154,109.93611211,2549.0
Via Wates 001,-7.2009397,109.93608386,2549.0
Via Wates 001,-7.20096787,109.93597121,2549.0
Via Wates 001,-7.20099603,109.9359148,2549.0
Via Wates 001,-7.20102419,109.9359148,2549.0
Via Wates 001,-7.2010806,109.93585847,2549.0
Via Wates 001,-7.2010806,109.93583031,2549.0
Via Wates 001,-7.20110876,109.9357739,2549.0
Via Wates 001,-7.20110876,109.93568941,2549.0
Via Wates 001,-7.20113693,109.93566125,2549.0
Via Wates 001,-7.20110876,109.93563308,2549.0
Via Wates 001,-7.20105235,109.93554851,2549.0
Via Wates 001,-7.20102419,109.93554851,2549.0
